{
    "assignee": null,
    "assignees": [],
    "author_association": "OWNER",
    "body": "",
    "closed_at": null,
    "comments": 0,
    "comments_url": "https://api.github.com/repos/bosskwei/temp/issues/11/comments",
    "created_at": "2018-12-11T00:08:53Z",
    "events_url": "https://api.github.com/repos/bosskwei/temp/issues/11/events",
    "html_url": "https://github.com/bosskwei/temp/issues/11",
    "id": 389541633,
    "labels": [],
    "labels_url": "https://api.github.com/repos/bosskwei/temp/issues/11/labels{/name}",
    "locked": false,
    "milestone": null,
    "node_id": "MDU6SXNzdWUzODk1NDE2MzM=",
    "number": 11,
    "repository_url": "https://api.github.com/repos/bosskwei/temp",
    "state": "open",
    "title": "NVDLA",
    "updated_at": "2018-12-11T00:08:53Z",
    "url": "https://api.github.com/repos/bosskwei/temp/issues/11",
    "user": {
        "avatar_url": "https://avatars3.githubusercontent.com/u/12762888?v=4",
        "events_url": "https://api.github.com/users/bosskwei/events{/privacy}",
        "followers_url": "https://api.github.com/users/bosskwei/followers",
        "following_url": "https://api.github.com/users/bosskwei/following{/other_user}",
        "gists_url": "https://api.github.com/users/bosskwei/gists{/gist_id}",
        "gravatar_id": "",
        "html_url": "https://github.com/bosskwei",
        "id": 12762888,
        "login": "bosskwei",
        "node_id": "MDQ6VXNlcjEyNzYyODg4",
        "organizations_url": "https://api.github.com/users/bosskwei/orgs",
        "received_events_url": "https://api.github.com/users/bosskwei/received_events",
        "repos_url": "https://api.github.com/users/bosskwei/repos",
        "site_admin": false,
        "starred_url": "https://api.github.com/users/bosskwei/starred{/owner}{/repo}",
        "subscriptions_url": "https://api.github.com/users/bosskwei/subscriptions",
        "type": "User",
        "url": "https://api.github.com/users/bosskwei"
    }
}