{
    "assignee": null,
    "assignees": [],
    "author_association": "OWNER",
    "body": "",
    "closed_at": "2018-12-25T09:24:53Z",
    "comments": 3,
    "comments_url": "https://api.github.com/repos/bosskwei/temp/issues/16/comments",
    "created_at": "2018-12-15T11:51:42Z",
    "events_url": "https://api.github.com/repos/bosskwei/temp/issues/16/events",
    "html_url": "https://github.com/bosskwei/temp/issues/16",
    "id": 391371252,
    "labels": [
        {
            "color": "adffb8",
            "default": false,
            "id": 1172420020,
            "name": "heterogeneous computing",
            "node_id": "MDU6TGFiZWwxMTcyNDIwMDIw",
            "url": "https://api.github.com/repos/bosskwei/temp/labels/heterogeneous%20computing"
        }
    ],
    "labels_url": "https://api.github.com/repos/bosskwei/temp/issues/16/labels{/name}",
    "locked": false,
    "milestone": null,
    "node_id": "MDU6SXNzdWUzOTEzNzEyNTI=",
    "number": 16,
    "repository_url": "https://api.github.com/repos/bosskwei/temp",
    "state": "closed",
    "title": "OpenCL Demo",
    "updated_at": "2019-01-03T12:56:33Z",
    "url": "https://api.github.com/repos/bosskwei/temp/issues/16",
    "user": {
        "avatar_url": "https://avatars3.githubusercontent.com/u/12762888?v=4",
        "events_url": "https://api.github.com/users/bosskwei/events{/privacy}",
        "followers_url": "https://api.github.com/users/bosskwei/followers",
        "following_url": "https://api.github.com/users/bosskwei/following{/other_user}",
        "gists_url": "https://api.github.com/users/bosskwei/gists{/gist_id}",
        "gravatar_id": "",
        "html_url": "https://github.com/bosskwei",
        "id": 12762888,
        "login": "bosskwei",
        "node_id": "MDQ6VXNlcjEyNzYyODg4",
        "organizations_url": "https://api.github.com/users/bosskwei/orgs",
        "received_events_url": "https://api.github.com/users/bosskwei/received_events",
        "repos_url": "https://api.github.com/users/bosskwei/repos",
        "site_admin": false,
        "starred_url": "https://api.github.com/users/bosskwei/starred{/owner}{/repo}",
        "subscriptions_url": "https://api.github.com/users/bosskwei/subscriptions",
        "type": "User",
        "url": "https://api.github.com/users/bosskwei"
    }
}