{
    "assignee": null,
    "assignees": [],
    "author_association": "OWNER",
    "body": "```Python\r\n    def weight_init(self):\r\n        def trig_init(out_channels, in_channels, size_kernel=3):\r\n            n_kernels = out_channels\r\n            #\r\n            table = {16: (4, 4), 32: (4, 8), 64: (8, 8), 96: (8, 12),  128: (8, 16), 192: (12, 16),\r\n                     256: (16, 16), 288: (16, 18), 384: (16, 24), 512: (16, 32), 1024: (32, 32)}\r\n            h_array, w_array = table[n_kernels]\r\n            #\r\n            xx = np.linspace(-np.pi, np.pi, w_array * size_kernel, dtype=np.float32)\r\n            yy = np.linspace(-np.pi, np.pi, h_array * size_kernel, dtype=np.float32)\r\n            xx, yy = np.meshgrid(xx, yy)\r\n            zz = np.cos(np.sqrt(xx ** 2 + yy ** 2))\r\n            #\r\n            param = np.zeros(shape=[n_kernels, in_channels, size_kernel, size_kernel], dtype=np.float32)\r\n            for y in range(h_array):\r\n                for x in range(w_array):\r\n                    i = y * w_array + x\r\n                    left, right = x * size_kernel, (x + 1) * size_kernel\r\n                    top, bottom = y * size_kernel, (y + 1) * size_kernel\r\n                    param[i, :, :, :] = zz[top:bottom, left:right]\r\n            #\r\n            return param * 1e-3\r\n\r\n        for m in self.modules():\r\n            if isinstance(m, nn.Conv2d):\r\n                assert m.weight.dtype == torch.float32\r\n                n, c, h, w = m.weight.shape\r\n                assert h == w\r\n                new_weight = trig_init(out_channels=n, in_channels=c, size_kernel=h)\r\n                assert new_weight.shape == m.weight.shape\r\n                m.weight.data = torch.from_numpy(new_weight)\r\n```",
    "closed_at": "2018-12-15T14:42:29Z",
    "comments": 0,
    "comments_url": "https://api.github.com/repos/bosskwei/temp/issues/17/comments",
    "created_at": "2018-12-15T14:42:16Z",
    "events_url": "https://api.github.com/repos/bosskwei/temp/issues/17/events",
    "html_url": "https://github.com/bosskwei/temp/issues/17",
    "id": 391384089,
    "labels": [
        {
            "color": "ba41e2",
            "default": false,
            "id": 1171935925,
            "name": "vision",
            "node_id": "MDU6TGFiZWwxMTcxOTM1OTI1",
            "url": "https://api.github.com/repos/bosskwei/temp/labels/vision"
        }
    ],
    "labels_url": "https://api.github.com/repos/bosskwei/temp/issues/17/labels{/name}",
    "locked": false,
    "milestone": null,
    "node_id": "MDU6SXNzdWUzOTEzODQwODk=",
    "number": 17,
    "repository_url": "https://api.github.com/repos/bosskwei/temp",
    "state": "closed",
    "title": "weight init",
    "updated_at": "2018-12-26T05:44:43Z",
    "url": "https://api.github.com/repos/bosskwei/temp/issues/17",
    "user": {
        "avatar_url": "https://avatars3.githubusercontent.com/u/12762888?v=4",
        "events_url": "https://api.github.com/users/bosskwei/events{/privacy}",
        "followers_url": "https://api.github.com/users/bosskwei/followers",
        "following_url": "https://api.github.com/users/bosskwei/following{/other_user}",
        "gists_url": "https://api.github.com/users/bosskwei/gists{/gist_id}",
        "gravatar_id": "",
        "html_url": "https://github.com/bosskwei",
        "id": 12762888,
        "login": "bosskwei",
        "node_id": "MDQ6VXNlcjEyNzYyODg4",
        "organizations_url": "https://api.github.com/users/bosskwei/orgs",
        "received_events_url": "https://api.github.com/users/bosskwei/received_events",
        "repos_url": "https://api.github.com/users/bosskwei/repos",
        "site_admin": false,
        "starred_url": "https://api.github.com/users/bosskwei/starred{/owner}{/repo}",
        "subscriptions_url": "https://api.github.com/users/bosskwei/subscriptions",
        "type": "User",
        "url": "https://api.github.com/users/bosskwei"
    }
}