{
    "assignee": null,
    "assignees": [],
    "author_association": "OWNER",
    "body": "",
    "closed_at": "2018-12-26T09:59:49Z",
    "comments": 1,
    "comments_url": "https://api.github.com/repos/bosskwei/temp/issues/18/comments",
    "created_at": "2018-12-16T14:50:57Z",
    "events_url": "https://api.github.com/repos/bosskwei/temp/issues/18/events",
    "html_url": "https://github.com/bosskwei/temp/issues/18",
    "id": 391474548,
    "labels": [
        {
            "color": "fef2c0",
            "default": false,
            "id": 1171934511,
            "name": "graphic",
            "node_id": "MDU6TGFiZWwxMTcxOTM0NTEx",
            "url": "https://api.github.com/repos/bosskwei/temp/labels/graphic"
        },
        {
            "color": "ba41e2",
            "default": false,
            "id": 1171935925,
            "name": "vision",
            "node_id": "MDU6TGFiZWwxMTcxOTM1OTI1",
            "url": "https://api.github.com/repos/bosskwei/temp/labels/vision"
        }
    ],
    "labels_url": "https://api.github.com/repos/bosskwei/temp/issues/18/labels{/name}",
    "locked": false,
    "milestone": null,
    "node_id": "MDU6SXNzdWUzOTE0NzQ1NDg=",
    "number": 18,
    "repository_url": "https://api.github.com/repos/bosskwei/temp",
    "state": "closed",
    "title": "Perspective Transform",
    "updated_at": "2018-12-26T09:59:49Z",
    "url": "https://api.github.com/repos/bosskwei/temp/issues/18",
    "user": {
        "avatar_url": "https://avatars3.githubusercontent.com/u/12762888?v=4",
        "events_url": "https://api.github.com/users/bosskwei/events{/privacy}",
        "followers_url": "https://api.github.com/users/bosskwei/followers",
        "following_url": "https://api.github.com/users/bosskwei/following{/other_user}",
        "gists_url": "https://api.github.com/users/bosskwei/gists{/gist_id}",
        "gravatar_id": "",
        "html_url": "https://github.com/bosskwei",
        "id": 12762888,
        "login": "bosskwei",
        "node_id": "MDQ6VXNlcjEyNzYyODg4",
        "organizations_url": "https://api.github.com/users/bosskwei/orgs",
        "received_events_url": "https://api.github.com/users/bosskwei/received_events",
        "repos_url": "https://api.github.com/users/bosskwei/repos",
        "site_admin": false,
        "starred_url": "https://api.github.com/users/bosskwei/starred{/owner}{/repo}",
        "subscriptions_url": "https://api.github.com/users/bosskwei/subscriptions",
        "type": "User",
        "url": "https://api.github.com/users/bosskwei"
    }
}