{
    "assignee": null,
    "assignees": [],
    "author_association": "OWNER",
    "body": "",
    "closed_at": null,
    "comments": 3,
    "comments_url": "https://api.github.com/repos/bosskwei/temp/issues/20/comments",
    "created_at": "2018-12-17T12:53:38Z",
    "events_url": "https://api.github.com/repos/bosskwei/temp/issues/20/events",
    "html_url": "https://github.com/bosskwei/temp/issues/20",
    "id": 391699187,
    "labels": [
        {
            "color": "27aa92",
            "default": false,
            "id": 1172420219,
            "name": "GPU",
            "node_id": "MDU6TGFiZWwxMTcyNDIwMjE5",
            "url": "https://api.github.com/repos/bosskwei/temp/labels/GPU"
        },
        {
            "color": "e3070c",
            "default": false,
            "id": 1175170156,
            "name": "TODO",
            "node_id": "MDU6TGFiZWwxMTc1MTcwMTU2",
            "url": "https://api.github.com/repos/bosskwei/temp/labels/TODO"
        }
    ],
    "labels_url": "https://api.github.com/repos/bosskwei/temp/issues/20/labels{/name}",
    "locked": false,
    "milestone": null,
    "node_id": "MDU6SXNzdWUzOTE2OTkxODc=",
    "number": 20,
    "repository_url": "https://api.github.com/repos/bosskwei/temp",
    "state": "open",
    "title": "BiFrost",
    "updated_at": "2019-01-08T11:33:07Z",
    "url": "https://api.github.com/repos/bosskwei/temp/issues/20",
    "user": {
        "avatar_url": "https://avatars3.githubusercontent.com/u/12762888?v=4",
        "events_url": "https://api.github.com/users/bosskwei/events{/privacy}",
        "followers_url": "https://api.github.com/users/bosskwei/followers",
        "following_url": "https://api.github.com/users/bosskwei/following{/other_user}",
        "gists_url": "https://api.github.com/users/bosskwei/gists{/gist_id}",
        "gravatar_id": "",
        "html_url": "https://github.com/bosskwei",
        "id": 12762888,
        "login": "bosskwei",
        "node_id": "MDQ6VXNlcjEyNzYyODg4",
        "organizations_url": "https://api.github.com/users/bosskwei/orgs",
        "received_events_url": "https://api.github.com/users/bosskwei/received_events",
        "repos_url": "https://api.github.com/users/bosskwei/repos",
        "site_admin": false,
        "starred_url": "https://api.github.com/users/bosskwei/starred{/owner}{/repo}",
        "subscriptions_url": "https://api.github.com/users/bosskwei/subscriptions",
        "type": "User",
        "url": "https://api.github.com/users/bosskwei"
    }
}