{
    "assignee": null,
    "assignees": [],
    "author_association": "OWNER",
    "body": "[https://www.khronos.org/news/press/khronos-releases-opencl-2.2-with-spir-v-1.2](https://www.khronos.org/news/press/khronos-releases-opencl-2.2-with-spir-v-1.2)",
    "closed_at": null,
    "comments": 0,
    "comments_url": "https://api.github.com/repos/bosskwei/temp/issues/24/comments",
    "created_at": "2018-12-18T03:58:16Z",
    "events_url": "https://api.github.com/repos/bosskwei/temp/issues/24/events",
    "html_url": "https://github.com/bosskwei/temp/issues/24",
    "id": 391987143,
    "labels": [],
    "labels_url": "https://api.github.com/repos/bosskwei/temp/issues/24/labels{/name}",
    "locked": false,
    "milestone": null,
    "node_id": "MDU6SXNzdWUzOTE5ODcxNDM=",
    "number": 24,
    "repository_url": "https://api.github.com/repos/bosskwei/temp",
    "state": "open",
    "title": "merge OpenCL 2.2 With SPIR-V 1.2",
    "updated_at": "2018-12-18T03:58:16Z",
    "url": "https://api.github.com/repos/bosskwei/temp/issues/24",
    "user": {
        "avatar_url": "https://avatars3.githubusercontent.com/u/12762888?v=4",
        "events_url": "https://api.github.com/users/bosskwei/events{/privacy}",
        "followers_url": "https://api.github.com/users/bosskwei/followers",
        "following_url": "https://api.github.com/users/bosskwei/following{/other_user}",
        "gists_url": "https://api.github.com/users/bosskwei/gists{/gist_id}",
        "gravatar_id": "",
        "html_url": "https://github.com/bosskwei",
        "id": 12762888,
        "login": "bosskwei",
        "node_id": "MDQ6VXNlcjEyNzYyODg4",
        "organizations_url": "https://api.github.com/users/bosskwei/orgs",
        "received_events_url": "https://api.github.com/users/bosskwei/received_events",
        "repos_url": "https://api.github.com/users/bosskwei/repos",
        "site_admin": false,
        "starred_url": "https://api.github.com/users/bosskwei/starred{/owner}{/repo}",
        "subscriptions_url": "https://api.github.com/users/bosskwei/subscriptions",
        "type": "User",
        "url": "https://api.github.com/users/bosskwei"
    }
}