{
    "assignee": null,
    "assignees": [],
    "author_association": "OWNER",
    "body": "## Overview\r\n+ Buffer Objects\r\n   + Buffer Object Streaming\r\n   + Vertex Buffer Objects\r\n   + Pixel Buffer Objects\r\n   + Shader Storage Buffer Objects\r\n   + Uniform Buffer Objects\r\n+ Vertex Array Objects\r\n+ Textures\r\n\r\n## Reference\r\nhttps://www.khronos.org/opengl/wiki/Shader_Storage_Buffer_Object\r\nhttps://www.opengl.org/discussion_boards/showthread.php/199803-UBO-vs-SSBO-for-large-array-of-local-to-world-transformation-matrices",
    "closed_at": null,
    "comments": 2,
    "comments_url": "https://api.github.com/repos/bosskwei/temp/issues/27/comments",
    "created_at": "2018-12-23T10:38:17Z",
    "events_url": "https://api.github.com/repos/bosskwei/temp/issues/27/events",
    "html_url": "https://github.com/bosskwei/temp/issues/27",
    "id": 393739741,
    "labels": [
        {
            "color": "27aa92",
            "default": false,
            "id": 1172420219,
            "name": "GPU",
            "node_id": "MDU6TGFiZWwxMTcyNDIwMjE5",
            "url": "https://api.github.com/repos/bosskwei/temp/labels/GPU"
        },
        {
            "color": "fef2c0",
            "default": false,
            "id": 1171934511,
            "name": "graphic",
            "node_id": "MDU6TGFiZWwxMTcxOTM0NTEx",
            "url": "https://api.github.com/repos/bosskwei/temp/labels/graphic"
        }
    ],
    "labels_url": "https://api.github.com/repos/bosskwei/temp/issues/27/labels{/name}",
    "locked": false,
    "milestone": null,
    "node_id": "MDU6SXNzdWUzOTM3Mzk3NDE=",
    "number": 27,
    "repository_url": "https://api.github.com/repos/bosskwei/temp",
    "state": "open",
    "title": "shader storage object",
    "updated_at": "2018-12-26T05:45:57Z",
    "url": "https://api.github.com/repos/bosskwei/temp/issues/27",
    "user": {
        "avatar_url": "https://avatars3.githubusercontent.com/u/12762888?v=4",
        "events_url": "https://api.github.com/users/bosskwei/events{/privacy}",
        "followers_url": "https://api.github.com/users/bosskwei/followers",
        "following_url": "https://api.github.com/users/bosskwei/following{/other_user}",
        "gists_url": "https://api.github.com/users/bosskwei/gists{/gist_id}",
        "gravatar_id": "",
        "html_url": "https://github.com/bosskwei",
        "id": 12762888,
        "login": "bosskwei",
        "node_id": "MDQ6VXNlcjEyNzYyODg4",
        "organizations_url": "https://api.github.com/users/bosskwei/orgs",
        "received_events_url": "https://api.github.com/users/bosskwei/received_events",
        "repos_url": "https://api.github.com/users/bosskwei/repos",
        "site_admin": false,
        "starred_url": "https://api.github.com/users/bosskwei/starred{/owner}{/repo}",
        "subscriptions_url": "https://api.github.com/users/bosskwei/subscriptions",
        "type": "User",
        "url": "https://api.github.com/users/bosskwei"
    }
}