{
    "assignee": null,
    "assignees": [],
    "author_association": "OWNER",
    "body": "# Glow\r\n+ A **machine learning compiler** and **execution engine** for various hardware targets.\r\n+ A **backend** for high-level machine learning frameworks.\r\n+ State of the art **compiler optimizations** and **code generation** of neural network graphs.\r\n\r\n## How\r\n+ Lowers a traditional neural network dataflow graph into a two-phase strongly-typed IR.\r\n+ High-level IR -> domain-specific optimizations (maybe for special network structure and operation).\r\n+ Lower-level instruction-based address-only IR -> memory-related optimizations (instruction scheduling, static memory allocation and copy elimination).\r\n+ Lowest level -> machine-specific code generation (take advantage of specialized hardware features).\r\n\r\n![](https://github.com/pytorch/glow/raw/master/docs/3LevelIR.png)\r\n\r\n## Feature\r\n+ Support a high number of input operators.\r\n+ Support  a large number of hardware targets.\r\n+ Eliminating the need to implement all operators on all targets.\r\n+ Reduce the input space to focus on a small number of linear algebra primitives.\r\n\r\n",
    "closed_at": null,
    "comments": 2,
    "comments_url": "https://api.github.com/repos/bosskwei/temp/issues/29/comments",
    "created_at": "2018-12-25T12:26:36Z",
    "events_url": "https://api.github.com/repos/bosskwei/temp/issues/29/events",
    "html_url": "https://github.com/bosskwei/temp/issues/29",
    "id": 394015047,
    "labels": [
        {
            "color": "adffb8",
            "default": false,
            "id": 1172420020,
            "name": "heterogeneous computing",
            "node_id": "MDU6TGFiZWwxMTcyNDIwMDIw",
            "url": "https://api.github.com/repos/bosskwei/temp/labels/heterogeneous%20computing"
        },
        {
            "color": "114eaa",
            "default": false,
            "id": 1171936038,
            "name": "llvm",
            "node_id": "MDU6TGFiZWwxMTcxOTM2MDM4",
            "url": "https://api.github.com/repos/bosskwei/temp/labels/llvm"
        }
    ],
    "labels_url": "https://api.github.com/repos/bosskwei/temp/issues/29/labels{/name}",
    "locked": false,
    "milestone": null,
    "node_id": "MDU6SXNzdWUzOTQwMTUwNDc=",
    "number": 29,
    "repository_url": "https://api.github.com/repos/bosskwei/temp",
    "state": "open",
    "title": "Glow 1 - Basic Steps",
    "updated_at": "2018-12-29T02:25:39Z",
    "url": "https://api.github.com/repos/bosskwei/temp/issues/29",
    "user": {
        "avatar_url": "https://avatars3.githubusercontent.com/u/12762888?v=4",
        "events_url": "https://api.github.com/users/bosskwei/events{/privacy}",
        "followers_url": "https://api.github.com/users/bosskwei/followers",
        "following_url": "https://api.github.com/users/bosskwei/following{/other_user}",
        "gists_url": "https://api.github.com/users/bosskwei/gists{/gist_id}",
        "gravatar_id": "",
        "html_url": "https://github.com/bosskwei",
        "id": 12762888,
        "login": "bosskwei",
        "node_id": "MDQ6VXNlcjEyNzYyODg4",
        "organizations_url": "https://api.github.com/users/bosskwei/orgs",
        "received_events_url": "https://api.github.com/users/bosskwei/received_events",
        "repos_url": "https://api.github.com/users/bosskwei/repos",
        "site_admin": false,
        "starred_url": "https://api.github.com/users/bosskwei/starred{/owner}{/repo}",
        "subscriptions_url": "https://api.github.com/users/bosskwei/subscriptions",
        "type": "User",
        "url": "https://api.github.com/users/bosskwei"
    }
}