{
    "assignee": null,
    "assignees": [],
    "author_association": "OWNER",
    "body": "",
    "closed_at": "2018-12-22T07:25:17Z",
    "comments": 2,
    "comments_url": "https://api.github.com/repos/bosskwei/temp/issues/3/comments",
    "created_at": "2018-11-25T04:04:08Z",
    "events_url": "https://api.github.com/repos/bosskwei/temp/issues/3/events",
    "html_url": "https://github.com/bosskwei/temp/issues/3",
    "id": 384045438,
    "labels": [
        {
            "color": "27aa92",
            "default": false,
            "id": 1172420219,
            "name": "GPU",
            "node_id": "MDU6TGFiZWwxMTcyNDIwMjE5",
            "url": "https://api.github.com/repos/bosskwei/temp/labels/GPU"
        }
    ],
    "labels_url": "https://api.github.com/repos/bosskwei/temp/issues/3/labels{/name}",
    "locked": false,
    "milestone": null,
    "node_id": "MDU6SXNzdWUzODQwNDU0Mzg=",
    "number": 3,
    "repository_url": "https://api.github.com/repos/bosskwei/temp",
    "state": "closed",
    "title": "Understand cl / cuda memory architecture",
    "updated_at": "2018-12-26T05:45:21Z",
    "url": "https://api.github.com/repos/bosskwei/temp/issues/3",
    "user": {
        "avatar_url": "https://avatars3.githubusercontent.com/u/12762888?v=4",
        "events_url": "https://api.github.com/users/bosskwei/events{/privacy}",
        "followers_url": "https://api.github.com/users/bosskwei/followers",
        "following_url": "https://api.github.com/users/bosskwei/following{/other_user}",
        "gists_url": "https://api.github.com/users/bosskwei/gists{/gist_id}",
        "gravatar_id": "",
        "html_url": "https://github.com/bosskwei",
        "id": 12762888,
        "login": "bosskwei",
        "node_id": "MDQ6VXNlcjEyNzYyODg4",
        "organizations_url": "https://api.github.com/users/bosskwei/orgs",
        "received_events_url": "https://api.github.com/users/bosskwei/received_events",
        "repos_url": "https://api.github.com/users/bosskwei/repos",
        "site_admin": false,
        "starred_url": "https://api.github.com/users/bosskwei/starred{/owner}{/repo}",
        "subscriptions_url": "https://api.github.com/users/bosskwei/subscriptions",
        "type": "User",
        "url": "https://api.github.com/users/bosskwei"
    }
}