{
    "assignee": null,
    "assignees": [],
    "author_association": "OWNER",
    "body": "## Folder Structure\r\n+ `glow`\r\n  + `Base`: `IO, Image, Tensor, Train, Type ...`\r\n  + `Backends`: `Backend, BackendUtils, CompiledFunction, LayoutConverter`\r\n  + `CodeGen`: `MemoryAllocator`\r\n  + `Converter`: `FunctionConverter, TypeAToTypeBFunctionConverter`\r\n  + `ExecutionEngine`: `ExecutionEngine`\r\n  + `Graph`: `Context, Graph, Node, Grad, Hook, NodeValue`\r\n  + `IR`: `GraphScheduler, IR, IRGen, IRUtils, Instrs`\r\n  + `Importer`: `ProtobufLoader, Caffe2ModelLoader, ONNXModelLoader, ONNXIFIModelLoader`\r\n  + `Optimizer`: `GraphOptimizer, IROptimizer, Quantization, Lower`\r\n  + `Quantization`: `Quantization, Serialization`\r\n  + `Support`: `ThreadPool, Random`\r\n  + `Testing`",
    "closed_at": null,
    "comments": 1,
    "comments_url": "https://api.github.com/repos/bosskwei/temp/issues/31/comments",
    "created_at": "2018-12-26T14:47:25Z",
    "events_url": "https://api.github.com/repos/bosskwei/temp/issues/31/events",
    "html_url": "https://github.com/bosskwei/temp/issues/31",
    "id": 394181795,
    "labels": [
        {
            "color": "adffb8",
            "default": false,
            "id": 1172420020,
            "name": "heterogeneous computing",
            "node_id": "MDU6TGFiZWwxMTcyNDIwMDIw",
            "url": "https://api.github.com/repos/bosskwei/temp/labels/heterogeneous%20computing"
        },
        {
            "color": "114eaa",
            "default": false,
            "id": 1171936038,
            "name": "llvm",
            "node_id": "MDU6TGFiZWwxMTcxOTM2MDM4",
            "url": "https://api.github.com/repos/bosskwei/temp/labels/llvm"
        }
    ],
    "labels_url": "https://api.github.com/repos/bosskwei/temp/issues/31/labels{/name}",
    "locked": false,
    "milestone": null,
    "node_id": "MDU6SXNzdWUzOTQxODE3OTU=",
    "number": 31,
    "repository_url": "https://api.github.com/repos/bosskwei/temp",
    "state": "open",
    "title": "Glow 2 - Framework",
    "updated_at": "2019-01-06T11:13:28Z",
    "url": "https://api.github.com/repos/bosskwei/temp/issues/31",
    "user": {
        "avatar_url": "https://avatars3.githubusercontent.com/u/12762888?v=4",
        "events_url": "https://api.github.com/users/bosskwei/events{/privacy}",
        "followers_url": "https://api.github.com/users/bosskwei/followers",
        "following_url": "https://api.github.com/users/bosskwei/following{/other_user}",
        "gists_url": "https://api.github.com/users/bosskwei/gists{/gist_id}",
        "gravatar_id": "",
        "html_url": "https://github.com/bosskwei",
        "id": 12762888,
        "login": "bosskwei",
        "node_id": "MDQ6VXNlcjEyNzYyODg4",
        "organizations_url": "https://api.github.com/users/bosskwei/orgs",
        "received_events_url": "https://api.github.com/users/bosskwei/received_events",
        "repos_url": "https://api.github.com/users/bosskwei/repos",
        "site_admin": false,
        "starred_url": "https://api.github.com/users/bosskwei/starred{/owner}{/repo}",
        "subscriptions_url": "https://api.github.com/users/bosskwei/subscriptions",
        "type": "User",
        "url": "https://api.github.com/users/bosskwei"
    }
}