{
    "assignee": null,
    "assignees": [],
    "author_association": "OWNER",
    "body": "",
    "closed_at": null,
    "comments": 2,
    "comments_url": "https://api.github.com/repos/bosskwei/temp/issues/33/comments",
    "created_at": "2018-12-29T03:25:48Z",
    "events_url": "https://api.github.com/repos/bosskwei/temp/issues/33/events",
    "html_url": "https://github.com/bosskwei/temp/issues/33",
    "id": 394756477,
    "labels": [
        {
            "color": "114eaa",
            "default": false,
            "id": 1171936038,
            "name": "llvm",
            "node_id": "MDU6TGFiZWwxMTcxOTM2MDM4",
            "url": "https://api.github.com/repos/bosskwei/temp/labels/llvm"
        }
    ],
    "labels_url": "https://api.github.com/repos/bosskwei/temp/issues/33/labels{/name}",
    "locked": false,
    "milestone": null,
    "node_id": "MDU6SXNzdWUzOTQ3NTY0Nzc=",
    "number": 33,
    "repository_url": "https://api.github.com/repos/bosskwei/temp",
    "state": "open",
    "title": "LLVM 3 - TargetMachine",
    "updated_at": "2019-01-03T12:50:58Z",
    "url": "https://api.github.com/repos/bosskwei/temp/issues/33",
    "user": {
        "avatar_url": "https://avatars3.githubusercontent.com/u/12762888?v=4",
        "events_url": "https://api.github.com/users/bosskwei/events{/privacy}",
        "followers_url": "https://api.github.com/users/bosskwei/followers",
        "following_url": "https://api.github.com/users/bosskwei/following{/other_user}",
        "gists_url": "https://api.github.com/users/bosskwei/gists{/gist_id}",
        "gravatar_id": "",
        "html_url": "https://github.com/bosskwei",
        "id": 12762888,
        "login": "bosskwei",
        "node_id": "MDQ6VXNlcjEyNzYyODg4",
        "organizations_url": "https://api.github.com/users/bosskwei/orgs",
        "received_events_url": "https://api.github.com/users/bosskwei/received_events",
        "repos_url": "https://api.github.com/users/bosskwei/repos",
        "site_admin": false,
        "starred_url": "https://api.github.com/users/bosskwei/starred{/owner}{/repo}",
        "subscriptions_url": "https://api.github.com/users/bosskwei/subscriptions",
        "type": "User",
        "url": "https://api.github.com/users/bosskwei"
    }
}