{
    "assignee": null,
    "assignees": [],
    "author_association": "OWNER",
    "body": "1. https://llvm.org/docs/Passes.html\r\n2. print all passes name in o3\r\n3. read an ir pass\r\n4. read an dag pass (has dag pass?)",
    "closed_at": null,
    "comments": 0,
    "comments_url": "https://api.github.com/repos/bosskwei/temp/issues/34/comments",
    "created_at": "2018-12-30T07:21:13Z",
    "events_url": "https://api.github.com/repos/bosskwei/temp/issues/34/events",
    "html_url": "https://github.com/bosskwei/temp/issues/34",
    "id": 394852508,
    "labels": [
        {
            "color": "e3070c",
            "default": false,
            "id": 1175170156,
            "name": "TODO",
            "node_id": "MDU6TGFiZWwxMTc1MTcwMTU2",
            "url": "https://api.github.com/repos/bosskwei/temp/labels/TODO"
        },
        {
            "color": "114eaa",
            "default": false,
            "id": 1171936038,
            "name": "llvm",
            "node_id": "MDU6TGFiZWwxMTcxOTM2MDM4",
            "url": "https://api.github.com/repos/bosskwei/temp/labels/llvm"
        }
    ],
    "labels_url": "https://api.github.com/repos/bosskwei/temp/issues/34/labels{/name}",
    "locked": false,
    "milestone": null,
    "node_id": "MDU6SXNzdWUzOTQ4NTI1MDg=",
    "number": 34,
    "repository_url": "https://api.github.com/repos/bosskwei/temp",
    "state": "open",
    "title": "LLVM 4 - Passes",
    "updated_at": "2019-01-03T12:54:33Z",
    "url": "https://api.github.com/repos/bosskwei/temp/issues/34",
    "user": {
        "avatar_url": "https://avatars3.githubusercontent.com/u/12762888?v=4",
        "events_url": "https://api.github.com/users/bosskwei/events{/privacy}",
        "followers_url": "https://api.github.com/users/bosskwei/followers",
        "following_url": "https://api.github.com/users/bosskwei/following{/other_user}",
        "gists_url": "https://api.github.com/users/bosskwei/gists{/gist_id}",
        "gravatar_id": "",
        "html_url": "https://github.com/bosskwei",
        "id": 12762888,
        "login": "bosskwei",
        "node_id": "MDQ6VXNlcjEyNzYyODg4",
        "organizations_url": "https://api.github.com/users/bosskwei/orgs",
        "received_events_url": "https://api.github.com/users/bosskwei/received_events",
        "repos_url": "https://api.github.com/users/bosskwei/repos",
        "site_admin": false,
        "starred_url": "https://api.github.com/users/bosskwei/starred{/owner}{/repo}",
        "subscriptions_url": "https://api.github.com/users/bosskwei/subscriptions",
        "type": "User",
        "url": "https://api.github.com/users/bosskwei"
    }
}