{
    "assignee": null,
    "assignees": [],
    "author_association": "OWNER",
    "body": "## `Placeholder` 实现\r\n> `include/glow/Graph/Nodes.h`\r\n```CPP\r\n// Placeholder nodes are unbound-storage. The content tensors are attached to\r\n// this node at runtime. Placeholders are used as inputs and output nodes to\r\n// the network.\r\nclass Placeholder : public Storage {\r\n  // Specifies if the placeholder is trainable.\r\n  bool isTrainable_;\r\n}\r\n```\r\n+ Node\r\n  + DivNode\r\n  + LogNode\r\n  + Storage\r\n    + Constant\r\n    + PlaceHolder\r\n  + XXNode\r\n+ 由此可见，Placeholder 是一个特殊的 StorageNode\r\n+ 从某种程度上来说 glow 更像是 TensorFlow，由若干 Op (Node) 组成一张 Graph，再以此 Graph 执行后续操作\r\n\r\n## `Tensor` 实现\r\n> `include/glow/Base/Tensor.h`\r\n```CPP\r\n// A class that represents a contiguous n-dimensional array (a tensor).\r\nclass Tensor final {\r\nprivate:\r\n  // A pointer to the tensor data.\r\n  char *data_{nullptr};\r\n\r\n  // The type of the tensor.\r\n  Type type_;\r\n}\r\n```\r\n+ `Tensor::getType()` 返回当前 Tensor 的 Type 实例\r\n```CPP\r\nconst Type &getType() const { return type_; }\r\n```\r\n\r\n+ `Tensor::getElementType()` 返回当前 Tensor 对应的类型，例如 `FloatTy`, `Int64ITy`\r\n```CPP\r\nElemKind getElementType() const { return type_.getElementType(); }\r\n```\r\n\r\n+ 检查边界\r\n```CPP\r\n// \\returns True if the coordinate is within the array.\r\n  bool isInBounds(llvm::ArrayRef<size_t> indices) const {\r\n    assert(type_.numSizes_ == indices.size() && \"Invalid number of indices\");\r\n    for (size_t i = 0u, e = indices.size(); i < e; i++) {\r\n      if (indices[i] >= type_.sizes_[i]) {\r\n        return false;\r\n      }\r\n    }\r\n    return true;\r\n  }\r\n```\r\n\r\n+ 初始化 Tensor 尺寸\r\n\r\n+ 1",
    "closed_at": null,
    "comments": 5,
    "comments_url": "https://api.github.com/repos/bosskwei/temp/issues/35/comments",
    "created_at": "2018-12-30T07:26:25Z",
    "events_url": "https://api.github.com/repos/bosskwei/temp/issues/35/events",
    "html_url": "https://github.com/bosskwei/temp/issues/35",
    "id": 394852713,
    "labels": [
        {
            "color": "e3070c",
            "default": false,
            "id": 1175170156,
            "name": "TODO",
            "node_id": "MDU6TGFiZWwxMTc1MTcwMTU2",
            "url": "https://api.github.com/repos/bosskwei/temp/labels/TODO"
        },
        {
            "color": "adffb8",
            "default": false,
            "id": 1172420020,
            "name": "heterogeneous computing",
            "node_id": "MDU6TGFiZWwxMTcyNDIwMDIw",
            "url": "https://api.github.com/repos/bosskwei/temp/labels/heterogeneous%20computing"
        },
        {
            "color": "114eaa",
            "default": false,
            "id": 1171936038,
            "name": "llvm",
            "node_id": "MDU6TGFiZWwxMTcxOTM2MDM4",
            "url": "https://api.github.com/repos/bosskwei/temp/labels/llvm"
        }
    ],
    "labels_url": "https://api.github.com/repos/bosskwei/temp/issues/35/labels{/name}",
    "locked": false,
    "milestone": null,
    "node_id": "MDU6SXNzdWUzOTQ4NTI3MTM=",
    "number": 35,
    "repository_url": "https://api.github.com/repos/bosskwei/temp",
    "state": "open",
    "title": "Glow 3 - Implementation",
    "updated_at": "2019-01-16T14:33:01Z",
    "url": "https://api.github.com/repos/bosskwei/temp/issues/35",
    "user": {
        "avatar_url": "https://avatars3.githubusercontent.com/u/12762888?v=4",
        "events_url": "https://api.github.com/users/bosskwei/events{/privacy}",
        "followers_url": "https://api.github.com/users/bosskwei/followers",
        "following_url": "https://api.github.com/users/bosskwei/following{/other_user}",
        "gists_url": "https://api.github.com/users/bosskwei/gists{/gist_id}",
        "gravatar_id": "",
        "html_url": "https://github.com/bosskwei",
        "id": 12762888,
        "login": "bosskwei",
        "node_id": "MDQ6VXNlcjEyNzYyODg4",
        "organizations_url": "https://api.github.com/users/bosskwei/orgs",
        "received_events_url": "https://api.github.com/users/bosskwei/received_events",
        "repos_url": "https://api.github.com/users/bosskwei/repos",
        "site_admin": false,
        "starred_url": "https://api.github.com/users/bosskwei/starred{/owner}{/repo}",
        "subscriptions_url": "https://api.github.com/users/bosskwei/subscriptions",
        "type": "User",
        "url": "https://api.github.com/users/bosskwei"
    }
}