{
    "assignee": null,
    "assignees": [],
    "author_association": "OWNER",
    "body": "https://skia.org/",
    "closed_at": null,
    "comments": 0,
    "comments_url": "https://api.github.com/repos/bosskwei/temp/issues/37/comments",
    "created_at": "2018-12-30T13:38:16Z",
    "events_url": "https://api.github.com/repos/bosskwei/temp/issues/37/events",
    "html_url": "https://github.com/bosskwei/temp/issues/37",
    "id": 394872905,
    "labels": [
        {
            "color": "fef2c0",
            "default": false,
            "id": 1171934511,
            "name": "graphic",
            "node_id": "MDU6TGFiZWwxMTcxOTM0NTEx",
            "url": "https://api.github.com/repos/bosskwei/temp/labels/graphic"
        }
    ],
    "labels_url": "https://api.github.com/repos/bosskwei/temp/issues/37/labels{/name}",
    "locked": false,
    "milestone": null,
    "node_id": "MDU6SXNzdWUzOTQ4NzI5MDU=",
    "number": 37,
    "repository_url": "https://api.github.com/repos/bosskwei/temp",
    "state": "open",
    "title": "Skia Library",
    "updated_at": "2018-12-30T13:38:16Z",
    "url": "https://api.github.com/repos/bosskwei/temp/issues/37",
    "user": {
        "avatar_url": "https://avatars3.githubusercontent.com/u/12762888?v=4",
        "events_url": "https://api.github.com/users/bosskwei/events{/privacy}",
        "followers_url": "https://api.github.com/users/bosskwei/followers",
        "following_url": "https://api.github.com/users/bosskwei/following{/other_user}",
        "gists_url": "https://api.github.com/users/bosskwei/gists{/gist_id}",
        "gravatar_id": "",
        "html_url": "https://github.com/bosskwei",
        "id": 12762888,
        "login": "bosskwei",
        "node_id": "MDQ6VXNlcjEyNzYyODg4",
        "organizations_url": "https://api.github.com/users/bosskwei/orgs",
        "received_events_url": "https://api.github.com/users/bosskwei/received_events",
        "repos_url": "https://api.github.com/users/bosskwei/repos",
        "site_admin": false,
        "starred_url": "https://api.github.com/users/bosskwei/starred{/owner}{/repo}",
        "subscriptions_url": "https://api.github.com/users/bosskwei/subscriptions",
        "type": "User",
        "url": "https://api.github.com/users/bosskwei"
    }
}