{
    "assignee": null,
    "assignees": [],
    "author_association": "OWNER",
    "body": "https://blog.csdn.net/prike/article/details/70210328\r\nhttps://yq.aliyun.com/ziliao/436511\r\nhttps://www.seas.upenn.edu/~cis565/fbo.htm",
    "closed_at": null,
    "comments": 2,
    "comments_url": "https://api.github.com/repos/bosskwei/temp/issues/39/comments",
    "created_at": "2018-12-31T06:12:32Z",
    "events_url": "https://api.github.com/repos/bosskwei/temp/issues/39/events",
    "html_url": "https://github.com/bosskwei/temp/issues/39",
    "id": 394934525,
    "labels": [
        {
            "color": "e3070c",
            "default": false,
            "id": 1175170156,
            "name": "TODO",
            "node_id": "MDU6TGFiZWwxMTc1MTcwMTU2",
            "url": "https://api.github.com/repos/bosskwei/temp/labels/TODO"
        },
        {
            "color": "adffb8",
            "default": false,
            "id": 1172420020,
            "name": "heterogeneous computing",
            "node_id": "MDU6TGFiZWwxMTcyNDIwMDIw",
            "url": "https://api.github.com/repos/bosskwei/temp/labels/heterogeneous%20computing"
        }
    ],
    "labels_url": "https://api.github.com/repos/bosskwei/temp/issues/39/labels{/name}",
    "locked": false,
    "milestone": null,
    "node_id": "MDU6SXNzdWUzOTQ5MzQ1MjU=",
    "number": 39,
    "repository_url": "https://api.github.com/repos/bosskwei/temp",
    "state": "open",
    "title": "Computer Architecture",
    "updated_at": "2019-01-08T13:04:49Z",
    "url": "https://api.github.com/repos/bosskwei/temp/issues/39",
    "user": {
        "avatar_url": "https://avatars3.githubusercontent.com/u/12762888?v=4",
        "events_url": "https://api.github.com/users/bosskwei/events{/privacy}",
        "followers_url": "https://api.github.com/users/bosskwei/followers",
        "following_url": "https://api.github.com/users/bosskwei/following{/other_user}",
        "gists_url": "https://api.github.com/users/bosskwei/gists{/gist_id}",
        "gravatar_id": "",
        "html_url": "https://github.com/bosskwei",
        "id": 12762888,
        "login": "bosskwei",
        "node_id": "MDQ6VXNlcjEyNzYyODg4",
        "organizations_url": "https://api.github.com/users/bosskwei/orgs",
        "received_events_url": "https://api.github.com/users/bosskwei/received_events",
        "repos_url": "https://api.github.com/users/bosskwei/repos",
        "site_admin": false,
        "starred_url": "https://api.github.com/users/bosskwei/starred{/owner}{/repo}",
        "subscriptions_url": "https://api.github.com/users/bosskwei/subscriptions",
        "type": "User",
        "url": "https://api.github.com/users/bosskwei"
    }
}