{
    "assignee": null,
    "assignees": [],
    "author_association": "OWNER",
    "body": "https://software.intel.com/en-us/articles/introduction-to-x64-assembly\r\nhttps://cs.brown.edu/courses/cs033/docs/guides/x64_cheatsheet.pdf\r\nhttps://www.cs.uaf.edu/2017/fall/cs301/reference/x86_64.html\r\nhttps://www.jianshu.com/p/10e8a7b4f980",
    "closed_at": "2019-01-08T13:02:41Z",
    "comments": 1,
    "comments_url": "https://api.github.com/repos/bosskwei/temp/issues/40/comments",
    "created_at": "2018-12-31T11:46:43Z",
    "events_url": "https://api.github.com/repos/bosskwei/temp/issues/40/events",
    "html_url": "https://github.com/bosskwei/temp/issues/40",
    "id": 394969140,
    "labels": [
        {
            "color": "adffb8",
            "default": false,
            "id": 1172420020,
            "name": "heterogeneous computing",
            "node_id": "MDU6TGFiZWwxMTcyNDIwMDIw",
            "url": "https://api.github.com/repos/bosskwei/temp/labels/heterogeneous%20computing"
        }
    ],
    "labels_url": "https://api.github.com/repos/bosskwei/temp/issues/40/labels{/name}",
    "locked": false,
    "milestone": null,
    "node_id": "MDU6SXNzdWUzOTQ5NjkxNDA=",
    "number": 40,
    "repository_url": "https://api.github.com/repos/bosskwei/temp",
    "state": "closed",
    "title": "Inline ASM",
    "updated_at": "2019-01-08T13:02:41Z",
    "url": "https://api.github.com/repos/bosskwei/temp/issues/40",
    "user": {
        "avatar_url": "https://avatars3.githubusercontent.com/u/12762888?v=4",
        "events_url": "https://api.github.com/users/bosskwei/events{/privacy}",
        "followers_url": "https://api.github.com/users/bosskwei/followers",
        "following_url": "https://api.github.com/users/bosskwei/following{/other_user}",
        "gists_url": "https://api.github.com/users/bosskwei/gists{/gist_id}",
        "gravatar_id": "",
        "html_url": "https://github.com/bosskwei",
        "id": 12762888,
        "login": "bosskwei",
        "node_id": "MDQ6VXNlcjEyNzYyODg4",
        "organizations_url": "https://api.github.com/users/bosskwei/orgs",
        "received_events_url": "https://api.github.com/users/bosskwei/received_events",
        "repos_url": "https://api.github.com/users/bosskwei/repos",
        "site_admin": false,
        "starred_url": "https://api.github.com/users/bosskwei/starred{/owner}{/repo}",
        "subscriptions_url": "https://api.github.com/users/bosskwei/subscriptions",
        "type": "User",
        "url": "https://api.github.com/users/bosskwei"
    }
}