{
    "assignee": null,
    "assignees": [],
    "author_association": "OWNER",
    "body": "## Steps\r\n1. Instance and device selection\r\n   + Vulkan Instance: The instance is the **connection** between your application and the Vulkan library and creating it involves specifying some details about your application to the **driver**.\r\n   + Validation Layers: Validation layers are optional components that hook into Vulkan function calls to apply additional operations, do **checking, tracking and logging**.\r\n   + Physical Device: Look for and select a graphics card in the system that supports the features we need. We can select any number of graphics cards and use them simultaneously.\r\n   + Logical Device: Set up a logical device to interface with it, similar to the instance creation. Could\r\n create multiple logical devices from the same physical device if you have varying requirements.\r\n2. Window surface and swap chain\r\n3. Image views and framebuffers\r\n4. Render passes\r\n5. Graphics pipeline\r\n6. Command pools and command buffers\r\n7. Main loop\r\n\r\n## Note\r\n必须正确初始化 `VkInstanceCreateInfo createInfo = {};` 否则 `vkCreateInstance` 会挂\r\n\r\n## Ref\r\nhttps://github.com/Overv/VulkanTutorial/tree/master/code\r\nhttps://vulkan-tutorial.com/Overview#page_What_it_takes_to_draw_a_triangle\r\n",
    "closed_at": null,
    "comments": 2,
    "comments_url": "https://api.github.com/repos/bosskwei/temp/issues/5/comments",
    "created_at": "2018-11-25T04:37:23Z",
    "events_url": "https://api.github.com/repos/bosskwei/temp/issues/5/events",
    "html_url": "https://github.com/bosskwei/temp/issues/5",
    "id": 384046974,
    "labels": [
        {
            "color": "e3070c",
            "default": false,
            "id": 1175170156,
            "name": "TODO",
            "node_id": "MDU6TGFiZWwxMTc1MTcwMTU2",
            "url": "https://api.github.com/repos/bosskwei/temp/labels/TODO"
        },
        {
            "color": "fef2c0",
            "default": false,
            "id": 1171934511,
            "name": "graphic",
            "node_id": "MDU6TGFiZWwxMTcxOTM0NTEx",
            "url": "https://api.github.com/repos/bosskwei/temp/labels/graphic"
        }
    ],
    "labels_url": "https://api.github.com/repos/bosskwei/temp/issues/5/labels{/name}",
    "locked": false,
    "milestone": null,
    "node_id": "MDU6SXNzdWUzODQwNDY5NzQ=",
    "number": 5,
    "repository_url": "https://api.github.com/repos/bosskwei/temp",
    "state": "open",
    "title": "Vulkan demo",
    "updated_at": "2019-01-18T05:29:30Z",
    "url": "https://api.github.com/repos/bosskwei/temp/issues/5",
    "user": {
        "avatar_url": "https://avatars3.githubusercontent.com/u/12762888?v=4",
        "events_url": "https://api.github.com/users/bosskwei/events{/privacy}",
        "followers_url": "https://api.github.com/users/bosskwei/followers",
        "following_url": "https://api.github.com/users/bosskwei/following{/other_user}",
        "gists_url": "https://api.github.com/users/bosskwei/gists{/gist_id}",
        "gravatar_id": "",
        "html_url": "https://github.com/bosskwei",
        "id": 12762888,
        "login": "bosskwei",
        "node_id": "MDQ6VXNlcjEyNzYyODg4",
        "organizations_url": "https://api.github.com/users/bosskwei/orgs",
        "received_events_url": "https://api.github.com/users/bosskwei/received_events",
        "repos_url": "https://api.github.com/users/bosskwei/repos",
        "site_admin": false,
        "starred_url": "https://api.github.com/users/bosskwei/starred{/owner}{/repo}",
        "subscriptions_url": "https://api.github.com/users/bosskwei/subscriptions",
        "type": "User",
        "url": "https://api.github.com/users/bosskwei"
    }
}