{
    "assignee": null,
    "assignees": [],
    "author_association": "OWNER",
    "body": "",
    "closed_at": "2018-12-03T02:19:19Z",
    "comments": 0,
    "comments_url": "https://api.github.com/repos/bosskwei/temp/issues/7/comments",
    "created_at": "2018-12-03T02:19:11Z",
    "events_url": "https://api.github.com/repos/bosskwei/temp/issues/7/events",
    "html_url": "https://github.com/bosskwei/temp/pull/7",
    "id": 386633699,
    "labels": [],
    "labels_url": "https://api.github.com/repos/bosskwei/temp/issues/7/labels{/name}",
    "locked": false,
    "milestone": null,
    "node_id": "MDExOlB1bGxSZXF1ZXN0MjM1MzA4NDIz",
    "number": 7,
    "pull_request": {
        "diff_url": "https://github.com/bosskwei/temp/pull/7.diff",
        "html_url": "https://github.com/bosskwei/temp/pull/7",
        "patch_url": "https://github.com/bosskwei/temp/pull/7.patch",
        "url": "https://api.github.com/repos/bosskwei/temp/pulls/7"
    },
    "repository_url": "https://api.github.com/repos/bosskwei/temp",
    "state": "closed",
    "title": "Add files via upload",
    "updated_at": "2018-12-03T02:20:12Z",
    "url": "https://api.github.com/repos/bosskwei/temp/issues/7",
    "user": {
        "avatar_url": "https://avatars3.githubusercontent.com/u/12762888?v=4",
        "events_url": "https://api.github.com/users/bosskwei/events{/privacy}",
        "followers_url": "https://api.github.com/users/bosskwei/followers",
        "following_url": "https://api.github.com/users/bosskwei/following{/other_user}",
        "gists_url": "https://api.github.com/users/bosskwei/gists{/gist_id}",
        "gravatar_id": "",
        "html_url": "https://github.com/bosskwei",
        "id": 12762888,
        "login": "bosskwei",
        "node_id": "MDQ6VXNlcjEyNzYyODg4",
        "organizations_url": "https://api.github.com/users/bosskwei/orgs",
        "received_events_url": "https://api.github.com/users/bosskwei/received_events",
        "repos_url": "https://api.github.com/users/bosskwei/repos",
        "site_admin": false,
        "starred_url": "https://api.github.com/users/bosskwei/starred{/owner}{/repo}",
        "subscriptions_url": "https://api.github.com/users/bosskwei/subscriptions",
        "type": "User",
        "url": "https://api.github.com/users/bosskwei"
    }
}