{
    "assignee": null,
    "assignees": [],
    "author_association": "OWNER",
    "body": "https://blog.csdn.net/rrerre/article/details/9849943\r\nhttps://stackoverflow.com/questions/14799127/llvm-pass-segfaults-on-getanalysisdominatortree",
    "closed_at": null,
    "comments": 0,
    "comments_url": "https://api.github.com/repos/bosskwei/temp/issues/9/comments",
    "created_at": "2018-12-10T07:43:20Z",
    "events_url": "https://api.github.com/repos/bosskwei/temp/issues/9/events",
    "html_url": "https://github.com/bosskwei/temp/issues/9",
    "id": 389177176,
    "labels": [],
    "labels_url": "https://api.github.com/repos/bosskwei/temp/issues/9/labels{/name}",
    "locked": false,
    "milestone": null,
    "node_id": "MDU6SXNzdWUzODkxNzcxNzY=",
    "number": 9,
    "repository_url": "https://api.github.com/repos/bosskwei/temp",
    "state": "open",
    "title": "branch probability and getAnalysisUsage",
    "updated_at": "2018-12-10T07:58:48Z",
    "url": "https://api.github.com/repos/bosskwei/temp/issues/9",
    "user": {
        "avatar_url": "https://avatars3.githubusercontent.com/u/12762888?v=4",
        "events_url": "https://api.github.com/users/bosskwei/events{/privacy}",
        "followers_url": "https://api.github.com/users/bosskwei/followers",
        "following_url": "https://api.github.com/users/bosskwei/following{/other_user}",
        "gists_url": "https://api.github.com/users/bosskwei/gists{/gist_id}",
        "gravatar_id": "",
        "html_url": "https://github.com/bosskwei",
        "id": 12762888,
        "login": "bosskwei",
        "node_id": "MDQ6VXNlcjEyNzYyODg4",
        "organizations_url": "https://api.github.com/users/bosskwei/orgs",
        "received_events_url": "https://api.github.com/users/bosskwei/received_events",
        "repos_url": "https://api.github.com/users/bosskwei/repos",
        "site_admin": false,
        "starred_url": "https://api.github.com/users/bosskwei/starred{/owner}{/repo}",
        "subscriptions_url": "https://api.github.com/users/bosskwei/subscriptions",
        "type": "User",
        "url": "https://api.github.com/users/bosskwei"
    }
}